{
  "Profiles": [
    {
      "Ansi 8 Color": {
        "Red Component": 0.3333576023578644,
        "Color Space": "Calibrated",
        "Blue Component": 0.33335328102111816,
        "Alpha Component": 1,
        "Green Component": 0.3333476185798645
      },
      "Tags": [],
      "Ansi 12 Color": {
        "Red Component": 0.28794747591018677,
        "Color Space": "Calibrated",
        "Blue Component": 0.9987730383872986,
        "Alpha Component": 1,
        "Green Component": 0.7288731932640076
      },
      "Ansi 9 Color": {
        "Red Component": 0.9874743819236755,
        "Color Space": "Calibrated",
        "Blue Component": 0.2733488082885742,
        "Alpha Component": 1,
        "Green Component": 0.26170071959495544
      },
      "Ansi 7 Color": {
        "Red Component": 0.9312370419502258,
        "Color Space": "Calibrated",
        "Blue Component": 0.9263648986816406,
        "Alpha Component": 1,
        "Green Component": 0.931364893913269
      },
      "Bold Color": {
        "Red Component": 0.9635517001152039,
        "Color Space": "Calibrated",
        "Blue Component": 0.963539183139801,
        "Alpha Component": 1,
        "Green Component": 0.9635228514671326
      },
      "Custom Directory": "Advanced",
      "Guid": "87B337DB-447A-4A10-AA35-670BE6B24E8E",
      "Link Color": {
        "Red Component": 0.24144099652767181,
        "Color Space": "Calibrated",
        "Blue Component": 0.8233919143676758,
        "Alpha Component": 1,
        "Green Component": 0.6027643084526062
      },
      "Rows": 25,
      "Default Bookmark": "No",
      "Cursor Guide Color": {
        "Red Component": 0.6499999761581421,
        "Color Space": "Calibrated",
        "Blue Component": 1,
        "Alpha Component": 0.25,
        "Green Component": 0.9100000262260437
      },
      "Non-ASCII Anti Aliased": true,
      "Use Bright Bold": true,
      "Ansi 10 Color": {
        "Red Component": 0.3142647445201874,
        "Color Space": "Calibrated",
        "Blue Component": 0.48438894748687744,
        "Alpha Component": 1,
        "Green Component": 0.9827766418457031
      },
      "Ambiguous Double Width": false,
      "Jobs to Ignore": [
        "rlogin",
        "ssh",
        "slogin",
        "telnet"
      ],
      "Ansi 15 Color": {
        "Red Component": 0.9312370419502258,
        "Color Space": "Calibrated",
        "Blue Component": 0.9263648986816406,
        "Alpha Component": 1,
        "Green Component": 0.931364893913269
      },
      "Foreground Color": {
        "Red Component": 0.9216761589050293,
        "Color Space": "Calibrated",
        "Blue Component": 0.9021888971328735,
        "Alpha Component": 1,
        "Green Component": 0.9272506833076477
      },
      "Working Directory": "/Users/ysads",
      "Blinking Cursor": false,
      "Disable Window Resizing": true,
      "Sync Title": false,
      "Description": "Default",
      "BM Growl": true,
      "Command": "",
      "Mouse Reporting": true,
      "Prompt Before Closing 2": false,
      "Screen": -1,
      "Selection Color": {
        "Red Component": 0.5058202147483826,
        "Color Space": "Calibrated",
        "Blue Component": 0.7753785848617554,
        "Alpha Component": 1,
        "Green Component": 0.6807473301887512
      },
      "Columns": 80,
      "Idle Code": 0,
      "Ansi 13 Color": {
        "Red Component": 0.9875143766403198,
        "Color Space": "Calibrated",
        "Blue Component": 0.7053173780441284,
        "Alpha Component": 1,
        "Green Component": 0.29879066348075867
      },
      "Custom Command": "No",
      "ASCII Anti Aliased": true,
      "Non Ascii Font": "Monaco 12",
      "Vertical Spacing": 1,
      "Use Bold Font": true,
      "Option Key Sends": 2,
      "Selected Text Color": {
        "Red Component": 0,
        "Color Space": "Calibrated",
        "Blue Component": 0,
        "Alpha Component": 1,
        "Green Component": 0
      },
      "Background Color": {
        "Red Component": 0.1176580935716629,
        "Color Space": "Calibrated",
        "Blue Component": 0.15977835655212402,
        "Alpha Component": 1,
        "Green Component": 0.12215268611907959
      },
      "Character Encoding": 4,
      "Ansi 11 Color": {
        "Red Component": 0.9424901008605957,
        "Color Space": "Calibrated",
        "Blue Component": 0.5483220219612122,
        "Alpha Component": 1,
        "Green Component": 0.982750654220581
      },
      "Use Italic Font": true,
      "Unlimited Scrollback": false,
      "Keyboard Map": {
        "0xf700-0x260000": {
          "Action": 10,
          "Text": "[1;6A"
        },
        "0x37-0x40000": {
          "Action": 11,
          "Text": "0x1f"
        },
        "0x32-0x40000": {
          "Action": 11,
          "Text": "0x00"
        },
        "0xf709-0x20000": {
          "Action": 10,
          "Text": "[17;2~"
        },
        "0xf70c-0x20000": {
          "Action": 10,
          "Text": "[20;2~"
        },
        "0xf729-0x20000": {
          "Action": 10,
          "Text": "[1;2H"
        },
        "0xf72b-0x40000": {
          "Action": 10,
          "Text": "[1;5F"
        },
        "0xf705-0x20000": {
          "Action": 10,
          "Text": "[1;2Q"
        },
        "0xf703-0x260000": {
          "Action": 10,
          "Text": "[1;6C"
        },
        "0xf700-0x220000": {
          "Action": 10,
          "Text": "[1;2A"
        },
        "0xf701-0x280000": {
          "Action": 11,
          "Text": "0x1b 0x1b 0x5b 0x42"
        },
        "0x38-0x40000": {
          "Action": 11,
          "Text": "0x7f"
        },
        "0x33-0x40000": {
          "Action": 11,
          "Text": "0x1b"
        },
        "0xf703-0x220000": {
          "Action": 10,
          "Text": "[1;2C"
        },
        "0xf701-0x240000": {
          "Action": 10,
          "Text": "[1;5B"
        },
        "0xf70d-0x20000": {
          "Action": 10,
          "Text": "[21;2~"
        },
        "0xf702-0x260000": {
          "Action": 10,
          "Text": "[1;6D"
        },
        "0xf729-0x40000": {
          "Action": 10,
          "Text": "[1;5H"
        },
        "0xf706-0x20000": {
          "Action": 10,
          "Text": "[1;2R"
        },
        "0x34-0x40000": {
          "Action": 11,
          "Text": "0x1c"
        },
        "0xf700-0x280000": {
          "Action": 11,
          "Text": "0x1b 0x1b 0x5b 0x41"
        },
        "0x2d-0x40000": {
          "Action": 11,
          "Text": "0x1f"
        },
        "0xf70e-0x20000": {
          "Action": 10,
          "Text": "[23;2~"
        },
        "0xf702-0x220000": {
          "Action": 10,
          "Text": "[1;2D"
        },
        "0xf703-0x280000": {
          "Text": "f",
          "Action": 10
        },
        "0xf700-0x240000": {
          "Action": 10,
          "Text": "[1;5A"
        },
        "0xf707-0x20000": {
          "Action": 10,
          "Text": "[1;2S"
        },
        "0xf70a-0x20000": {
          "Action": 10,
          "Text": "[18;2~"
        },
        "0x35-0x40000": {
          "Action": 11,
          "Text": "0x1d"
        },
        "0xf70f-0x20000": {
          "Action": 10,
          "Text": "[24;2~"
        },
        "0xf703-0x240000": {
          "Action": 10,
          "Text": "[1;5C"
        },
        "0xf701-0x260000": {
          "Action": 10,
          "Text": "[1;6B"
        },
        "0xf702-0x280000": {
          "Text": "b",
          "Action": 10
        },
        "0xf72b-0x20000": {
          "Action": 10,
          "Text": "[1;2F"
        },
        "0x36-0x40000": {
          "Action": 11,
          "Text": "0x1e"
        },
        "0xf708-0x20000": {
          "Action": 10,
          "Text": "[15;2~"
        },
        "0xf701-0x220000": {
          "Action": 10,
          "Text": "[1;2B"
        },
        "0xf70b-0x20000": {
          "Action": 10,
          "Text": "[19;2~"
        },